,역이름,y,x,호선,geometry
0,가락시장,37.492522,127.118234,"['03호선', '08호선']",POINT (127.118234 37.492522)
1,종로3가,37.571607,126.991806,"['01호선', '03호선', '05호선']",POINT (126.991806 37.571607)
2,오금,37.502162,127.128111,"['03호선', '05호선']",POINT (127.128111 37.502162)
3,동대문,37.57142,127.009745,"['01호선', '04호선']",POINT (127.009745 37.57142)
4,동대문역사문화공원,37.565138,127.007896,"['02호선', '04호선', '05호선']",POINT (127.007896 37.565138)
5,충무로,37.561243,126.99428,"['03호선', '04호선']",POINT (126.99428 37.561243)
6,서울,37.554648,126.972559,['GTX-A'],POINT (126.972559 37.554648)
7,신도림,37.508725,126.891295,"['01호선', '02호선']",POINT (126.891295 37.508725)
8,이촌,37.522272,126.974345,"['04호선', '경의선']",POINT (126.974345 37.522272)
9,왕십리,37.561533,127.037732,"['02호선', '05호선', '경의선', '수인분당선']",POINT (127.037732 37.561533)
10,시청,37.564718,126.977108,"['01호선', '02호선']",POINT (126.977108 37.564718)
11,교대,37.493415,127.01408,"['02호선', '03호선']",POINT (127.01408 37.493415)
12,신설동,37.575297,127.025087,"['01호선', '02호선', '우이신설경전철']",POINT (127.025087 37.575297)
13,강변,37.535095,127.094681,['02호선'],POINT (127.094681 37.535095)
14,까치산,37.531768,126.846683,"['02호선', '05호선']",POINT (126.846683 37.531768)
15,을지로3가,37.566295,126.99191,"['02호선', '03호선']",POINT (126.99191 37.566295)
16,홍대입구,37.557192,126.925381,"['02호선', '경의선', '공항철도']",POINT (126.925381 37.557192)
17,광운대,37.623632,127.061835,"['01호선', '경춘선']",POINT (127.061835 37.623632)
18,상봉,37.596362,127.085032,"['07호선', '경의선', '경춘선']",POINT (127.085032 37.596362)
19,망우,37.59955,127.091909,"['경의선', '경춘선']",POINT (127.091909 37.59955)
20,영등포구청,37.52497,126.895951,"['02호선', '05호선']",POINT (126.895951 37.52497)
21,신길,37.517122,126.917169,"['01호선', '05호선']",POINT (126.917169 37.517122)
22,을지로4가,37.566941,126.998079,"['02호선', '05호선']",POINT (126.998079 37.566941)
23,합정,37.549463,126.913739,"['02호선', '06호선']",POINT (126.913739 37.549463)
24,공덕,37.544018,126.951592,"['05호선', '06호선', '경의선', '공항철도']",POINT (126.951592 37.544018)
25,삼각지,37.534777,126.97311,"['04호선', '06호선']",POINT (126.97311 37.534777)
26,약수,37.55434,127.010655,"['03호선', '06호선']",POINT (127.010655 37.55434)
27,신당,37.565972,127.01782,"['02호선', '06호선']",POINT (127.01782 37.565972)
28,동묘앞,37.572627,127.016429,"['01호선', '06호선']",POINT (127.016429 37.572627)
29,석계,37.614805,127.065851,"['01호선', '06호선']",POINT (127.065851 37.614805)
30,도봉산,37.689313,127.046222,"['01호선', '07호선']",POINT (127.046222 37.689313)
31,불광,37.610469,126.929887,"['03호선', '06호선']",POINT (126.929887 37.610469)
32,연신내,37.619001,126.921008,"['03호선', '06호선', 'GTX-A']",POINT (126.921008 37.619001)
33,금정,37.372221,126.943429,"['01호선', '04호선']",POINT (126.943429 37.372221)
34,수원,37.265974,126.999874,"['01호선', '수인분당선']",POINT (126.999874 37.265974)
35,원인재,37.412603,126.687389,"['수인분당선', '인천선']",POINT (126.687389 37.412603)
36,회기,37.58946,127.057583,"['01호선', '경의선', '경춘선']",POINT (127.057583 37.58946)
37,대곡,37.631626,126.811024,"['03호선', 'GTX-A', '경의선', '서해선']",POINT (126.811024 37.631626)
38,디지털미디어시티,37.576646,126.900984,"['06호선', '경의선', '공항철도']",POINT (126.900984 37.576646)
39,회룡,37.724846,127.046895,"['01호선', '의정부경전철']",POINT (127.046895 37.724846)
40,판교,37.394761,127.111217,"['경강선', '신분당선']",POINT (127.111217 37.394761)
41,오이도,37.362357,126.738714,"['04호선', '수인분당선']",POINT (126.738714 37.362357)
42,이매,37.396104,127.12827,"['경강선', '수인분당선']",POINT (127.12827 37.396104)
43,선정릉,37.51098,127.043593,"['09호선', '수인분당선']",POINT (127.043593 37.51098)
44,종합운동장,37.510997,127.073642,"['02호선', '09호선']",POINT (127.073642 37.510997)
45,천호,37.538397,127.123572,"['05호선', '08호선']",POINT (127.123572 37.538397)
46,창동,37.653166,127.047731,"['01호선', '04호선']",POINT (127.047731 37.653166)
47,사당,37.47653,126.981685,"['02호선', '04호선']",POINT (126.981685 37.47653)
48,노원,37.655128,127.061368,"['04호선', '07호선']",POINT (127.061368 37.655128)
49,군자,37.557121,127.079542,"['05호선', '07호선']",POINT (127.079542 37.557121)
50,건대입구,37.540693,127.07023,"['02호선', '07호선']",POINT (127.07023 37.540693)
51,고속터미널,37.50481,127.004943,"['03호선', '07호선', '09호선']",POINT (127.004943 37.50481)
53,대림,37.49297,126.895801,"['02호선', '07호선']",POINT (126.895801 37.49297)
54,가산디지털단지,37.481072,126.882343,"['01호선', '07호선']",POINT (126.882343 37.481072)
55,온수,37.492258,126.823388,"['01호선', '07호선']",POINT (126.823388 37.492258)
56,부평구청,37.508336,126.720548,"['07호선', '인천선']",POINT (126.720548 37.508336)
57,잠실,37.51395,127.102234,"['02호선', '08호선']",POINT (127.102234 37.51395)
58,복정,37.470047,127.126662,"['08호선', '수인분당선']",POINT (127.126662 37.470047)
59,모란,37.43213,127.129087,"['08호선', '수인분당선']",POINT (127.129087 37.43213)
60,부평,37.489493,126.724805,"['01호선', '인천선']",POINT (126.724805 37.489493)
61,당산,37.53438,126.902281,"['02호선', '09호선']",POINT (126.902281 37.53438)
62,여의도,37.521624,126.924191,"['05호선', '09호선']",POINT (126.924191 37.521624)
63,동작,37.502971,126.979306,"['04호선', '09호선']",POINT (126.979306 37.502971)
64,김포공항,37.562434,126.801058,"['05호선', '09호선', '공항철도', '김포도시철도', '서해선']",POINT (126.801058 37.562434)
65,강남,37.497175,127.027926,"['02호선', '신분당선']",POINT (127.027926 37.497175)
66,양재,37.484147,127.034631,"['03호선', '신분당선']",POINT (127.034631 37.484147)
67,정자,37.36706,127.108105,"['수인분당선', '신분당선']",POINT (127.108105 37.36706)
68,강남구청,37.517186,127.04128,"['07호선', '수인분당선']",POINT (127.04128 37.517186)
69,선릉,37.504503,127.049008,"['02호선', '수인분당선']",POINT (127.049008 37.504503)
70,효창공원앞,37.539261,126.961351,"['06호선', '경의선']",POINT (126.961351 37.539261)
71,태릉입구,37.617983,127.07512,"['06호선', '07호선']",POINT (127.07512 37.617983)
72,검암,37.569104,126.673728,"['공항철도', '인천2호선']",POINT (126.673728 37.569104)
73,주안,37.464941,126.679923,"['01호선', '인천2호선']",POINT (126.679923 37.464941)
74,인천,37.476691,126.616936,"['01호선', '수인분당선']",POINT (126.616936 37.476691)
75,인천시청,37.457405,126.702221,"['인천2호선', '인천선']",POINT (126.702221 37.457405)
76,청량리,37.580178,127.046835,"['01호선', '경의선', '경춘선', '수인분당선']",POINT (127.046835 37.580178)
77,중랑,37.594917,127.076116,"['경의선', '경춘선']",POINT (127.076116 37.594917)
78,충정로,37.559973,126.963672,"['02호선', '05호선']",POINT (126.963672 37.559973)
79,청구,37.560245,127.013828,"['05호선', '06호선']",POINT (127.013828 37.560245)
80,성신여대입구,37.592624,127.016403,"['04호선', '우이신설경전철']",POINT (127.016403 37.592624)
81,보문,37.585286,127.019381,"['06호선', '우이신설경전철']",POINT (127.019381 37.585286)
82,계양,37.571462,126.735637,"['공항철도', '인천선']",POINT (126.735637 37.571462)
83,기흥,37.275619,127.115936,"['수인분당선', '용인경전철']",POINT (127.115936 37.275619)
84,옥수,37.540685,127.017965,"['03호선', '경의선']",POINT (127.017965 37.540685)
85,도곡,37.490858,127.055381,"['03호선', '수인분당선']",POINT (127.055381 37.490858)
86,수서,37.487371,127.10188,"['03호선', 'GTX-A', '수인분당선']",POINT (127.10188 37.487371)
87,용산,37.529849,126.964561,"['01호선', '경의선']",POINT (126.964561 37.529849)
88,종각,37.570161,126.982923,['01호선'],POINT (126.982923 37.570161)
89,종로5가,37.570926,127.001849,['01호선'],POINT (127.001849 37.570926)
90,제기동,37.578103,127.034893,['01호선'],POINT (127.034893 37.578103)
91,을지로입구,37.566014,126.982618,['02호선'],POINT (126.982618 37.566014)
92,탑석,37.733579,127.088704,['의정부경전철'],POINT (127.088704 37.733579)
94,가오리,37.641701,127.016792,['우이신설경전철'],POINT (127.016792 37.641701)
95,화계,37.634802,127.017519,['우이신설경전철'],POINT (127.017519 37.634802)
96,한티,37.496237,127.052873,['수인분당선'],POINT (127.052873 37.496237)
97,구룡,37.486839,127.058856,['수인분당선'],POINT (127.058856 37.486839)
98,홍제,37.589066,126.943736,['03호선'],POINT (126.943736 37.589066)
99,김유정,37.818466,127.71434,['경춘선'],POINT (127.71434 37.818466)
100,남춘천,37.864007,127.723792,['경춘선'],POINT (127.723792 37.864007)
101,성균관대,37.300349,126.97075,['01호선'],POINT (126.97075 37.300349)
102,경찰병원,37.495918,127.12454,['03호선'],POINT (127.12454 37.495918)
103,구일,37.496756,126.870793,['01호선'],POINT (126.870793 37.496756)
104,야탑,37.411185,127.128715,['수인분당선'],POINT (127.128715 37.411185)
105,삼송,37.653083,126.895558,['03호선'],POINT (126.895558 37.653083)
106,화정,37.634592,126.83265,['03호선'],POINT (126.83265 37.634592)
107,영등포시장,37.522669,126.905139,['05호선'],POINT (126.905139 37.522669)
108,상일동,37.556712,127.166417,['05호선'],POINT (127.166417 37.556712)
109,공릉,37.625742,127.072896,['07호선'],POINT (127.072896 37.625742)
110,상도,37.502834,126.94791,['07호선'],POINT (126.94791 37.502834)
111,박촌,37.553703,126.745077,['인천선'],POINT (126.745077 37.553703)
112,구성,37.298969,127.105664,"['GTX-A', '수인분당선']",POINT (127.105664 37.298969)
113,인하대,37.448493,126.649619,['수인분당선'],POINT (126.649619 37.448493)
114,숭의,37.460789,126.638297,['수인분당선'],POINT (126.638297 37.460789)
115,센트럴파크,37.393054,126.634729,['인천선'],POINT (126.634729 37.393054)
116,국제업무지구,37.399907,126.630347,['인천선'],POINT (126.630347 37.399907)
117,강매,37.612314,126.843223,['경의선'],POINT (126.843223 37.612314)
118,달월,37.379681,126.745177,['수인분당선'],POINT (126.745177 37.379681)
119,원흥,37.650658,126.872642,['03호선'],POINT (126.872642 37.650658)
120,완정,37.592928,126.673203,['인천2호선'],POINT (126.673203 37.592928)
121,지평,37.476444,127.629617,['경의선'],POINT (127.629617 37.476444)
122,석바위시장,37.457611,126.692575,['인천2호선'],POINT (126.692575 37.457611)
123,상왕십리,37.564354,127.029354,['02호선'],POINT (127.029354 37.564354)
124,한양대,37.555273,127.043655,['02호선'],POINT (127.043655 37.555273)
125,뚝섬,37.547184,127.047367,['02호선'],POINT (127.047367 37.547184)
126,성수,37.544581,127.055961,['02호선'],POINT (127.055961 37.544581)
127,청계산입구,37.447211,127.055664,['신분당선'],POINT (127.055664 37.447211)
128,북한산우이,37.663146,127.012789,['우이신설경전철'],POINT (127.012789 37.663146)
129,구의,37.537077,127.085916,['02호선'],POINT (127.085916 37.537077)
130,잠실나루,37.520733,127.10379,['02호선'],POINT (127.10379 37.520733)
131,잠실새내,37.511687,127.086162,['02호선'],POINT (127.086162 37.511687)
132,삼성,37.508844,127.06316,['02호선'],POINT (127.06316 37.508844)
133,역삼,37.500622,127.036456,['02호선'],POINT (127.036456 37.500622)
134,서초,37.491897,127.007917,['02호선'],POINT (127.007917 37.491897)
135,방배,37.481426,126.997596,['02호선'],POINT (126.997596 37.481426)
136,낙성대,37.47693,126.963693,['02호선'],POINT (126.963693 37.47693)
137,서울대입구,37.481247,126.952739,['02호선'],POINT (126.952739 37.481247)
138,봉천,37.482362,126.941892,['02호선'],POINT (126.941892 37.482362)
139,신림,37.484201,126.929715,"['02호선', '신림선']",POINT (126.929715 37.484201)
140,신대방,37.487462,126.913149,['02호선'],POINT (126.913149 37.487462)
141,구로디지털단지,37.485266,126.901401,['02호선'],POINT (126.901401 37.485266)
142,문래,37.517933,126.89476,['02호선'],POINT (126.89476 37.517933)
143,신촌,37.555134,126.936893,"['02호선', '경의선']",POINT (126.936893 37.555134)
144,이대,37.556733,126.946013,['02호선'],POINT (126.946013 37.556733)
145,아현,37.557345,126.956141,['02호선'],POINT (126.956141 37.557345)
146,용답,37.561904,127.050899,['02호선'],POINT (127.050899 37.561904)
147,신답,37.57004,127.046481,['02호선'],POINT (127.046481 37.57004)
148,도림천,37.514287,126.882768,['02호선'],POINT (126.882768 37.514287)
149,양천구청,37.512398,126.865819,['02호선'],POINT (126.865819 37.512398)
150,신정네거리,37.520074,126.852912,['02호선'],POINT (126.852912 37.520074)
151,용두,37.574028,127.038091,['02호선'],POINT (127.038091 37.574028)
152,지축,37.648048,126.913951,['03호선'],POINT (126.913951 37.648048)
153,구파발,37.636763,126.918821,['03호선'],POINT (126.918821 37.636763)
154,녹번,37.600927,126.935756,['03호선'],POINT (126.935756 37.600927)
155,무악재,37.582299,126.950291,['03호선'],POINT (126.950291 37.582299)
156,독립문,37.574571,126.957748,['03호선'],POINT (126.957748 37.574571)
157,경복궁,37.575762,126.97353,['03호선'],POINT (126.97353 37.575762)
158,안국,37.576477,126.985443,['03호선'],POINT (126.985443 37.576477)
159,동대입구,37.559052,127.005602,['03호선'],POINT (127.005602 37.559052)
160,금호,37.548034,127.015872,['03호선'],POINT (127.015872 37.548034)
161,압구정,37.527072,127.028461,['03호선'],POINT (127.028461 37.527072)
162,신사,37.516334,127.020114,"['03호선', '신분당선']",POINT (127.020114 37.516334)
163,잠원,37.512759,127.01122,['03호선'],POINT (127.01122 37.512759)
164,남부터미널,37.485013,127.016189,['03호선'],POINT (127.016189 37.485013)
165,매봉,37.486947,127.046769,['03호선'],POINT (127.046769 37.486947)
166,대치,37.494612,127.063642,['03호선'],POINT (127.063642 37.494612)
167,학여울,37.496663,127.070594,['03호선'],POINT (127.070594 37.496663)
168,대청,37.493514,127.079532,['03호선'],POINT (127.079532 37.493514)
169,일원,37.483681,127.08439,['03호선'],POINT (127.08439 37.483681)
171,상계,37.660878,127.073572,['04호선'],POINT (127.073572 37.660878)
172,쌍문,37.648627,127.034709,['04호선'],POINT (127.034709 37.648627)
173,수유,37.638052,127.025732,['04호선'],POINT (127.025732 37.638052)
174,미아,37.62667,127.025983,['04호선'],POINT (127.025983 37.62667)
175,미아사거리,37.613292,127.030053,['04호선'],POINT (127.030053 37.613292)
176,길음,37.603407,127.025053,['04호선'],POINT (127.025053 37.603407)
177,한성대입구,37.588458,127.006221,['04호선'],POINT (127.006221 37.588458)
178,혜화,37.582336,127.001844,['04호선'],POINT (127.001844 37.582336)
179,명동,37.560989,126.986325,['04호선'],POINT (126.986325 37.560989)
180,회현,37.558514,126.978246,['04호선'],POINT (126.978246 37.558514)
181,숙대입구,37.54456,126.972106,['04호선'],POINT (126.972106 37.54456)
182,신용산,37.52917,126.967894,['04호선'],POINT (126.967894 37.52917)
183,남태령,37.463873,126.989134,['04호선'],POINT (126.989134 37.463873)
184,남영,37.541021,126.9713,['01호선'],POINT (126.9713 37.541021)
185,노량진,37.514219,126.942454,"['01호선', '09호선']",POINT (126.942454 37.514219)
186,대방,37.513342,126.926382,"['01호선', '신림선']",POINT (126.926382 37.513342)
187,영등포,37.515504,126.907628,['01호선'],POINT (126.907628 37.515504)
188,서빙고,37.519594,126.988537,['경의선'],POINT (126.988537 37.519594)
189,한남,37.52943,127.009169,['경의선'],POINT (127.009169 37.52943)
190,응봉,37.549946,127.034538,['경의선'],POINT (127.034538 37.549946)
191,외대앞,37.596073,127.063549,['01호선'],POINT (127.063549 37.596073)
192,신이문,37.601854,127.067325,['01호선'],POINT (127.067325 37.601854)
193,월계,37.633212,127.058831,['01호선'],POINT (127.058831 37.633212)
194,녹천,37.644799,127.051269,['01호선'],POINT (127.051269 37.644799)
195,개포동,37.489116,127.06614,['수인분당선'],POINT (127.06614 37.489116)
196,대모산입구,37.491373,127.07272,['수인분당선'],POINT (127.07272 37.491373)
197,양원,37.606596,127.107906,['경의선'],POINT (127.107906 37.606596)
198,구리,37.603392,127.143869,"['08호선', '경의선']",POINT (127.143869 37.603392)
199,도농,37.608806,127.161153,['경의선'],POINT (127.161153 37.608806)
200,양정,37.60533,127.19364,['경의선'],POINT (127.19364 37.60533)
201,덕소,37.586781,127.208832,['경의선'],POINT (127.208832 37.586781)
202,도심,37.579622,127.222672,['경의선'],POINT (127.222672 37.579622)
203,팔당,37.547371,127.243939,['경의선'],POINT (127.243939 37.547371)
204,운길산,37.554669,127.310115,['경의선'],POINT (127.310115 37.554669)
205,양수,37.545981,127.329098,['경의선'],POINT (127.329098 37.545981)
206,신원,37.525545,127.372921,['경의선'],POINT (127.372921 37.525545)
207,국수,37.516169,127.399367,['경의선'],POINT (127.399367 37.516169)
208,아신,37.51382,127.443173,['경의선'],POINT (127.443173 37.51382)
209,오빈,37.506062,127.473868,['경의선'],POINT (127.473868 37.506062)
211,원덕,37.468672,127.547076,['경의선'],POINT (127.547076 37.468672)
212,용문,37.48223,127.594647,['경의선'],POINT (127.594647 37.48223)
215,서강대,37.551881,126.935711,['경의선'],POINT (126.935711 37.551881)
216,가좌,37.568491,126.915487,['경의선'],POINT (126.915487 37.568491)
217,수색,37.580842,126.895611,['경의선'],POINT (126.895611 37.580842)
219,행신,37.612102,126.834146,['경의선'],POINT (126.834146 37.612102)
220,능곡,37.618808,126.820783,"['경의선', '서해선']",POINT (126.820783 37.618808)
221,곡산,37.645676,126.801762,"['경의선', '서해선']",POINT (126.801762 37.645676)
222,백마,37.658239,126.794461,"['경의선', '서해선']",POINT (126.794461 37.658239)
223,풍산,37.672346,126.786243,"['경의선', '서해선']",POINT (126.786243 37.672346)
224,일산,37.682077,126.769846,"['경의선', '서해선']",POINT (126.769846 37.682077)
225,탄현,37.694023,126.761086,['경의선'],POINT (126.761086 37.694023)
226,야당,37.712327,126.761356,['경의선'],POINT (126.761356 37.712327)
227,운정,37.725826,126.767257,['경의선'],POINT (126.767257 37.725826)
228,금릉,37.751322,126.765347,['경의선'],POINT (126.765347 37.751322)
229,금촌,37.766217,126.774644,['경의선'],POINT (126.774644 37.766217)
230,월롱,37.796188,126.792587,['경의선'],POINT (126.792587 37.796188)
231,파주,37.815298,126.792783,['경의선'],POINT (126.792783 37.815298)
232,문산,37.854619,126.788047,['경의선'],POINT (126.788047 37.854619)
233,신내,37.612887,127.103218,"['06호선', '경춘선']",POINT (127.103218 37.612887)
234,갈매,37.634118,127.114757,['경춘선'],POINT (127.114757 37.634118)
235,별내,37.64202,127.12684,"['08호선', '경춘선']",POINT (127.12684 37.64202)
236,퇴계원,37.648311,127.143952,['경춘선'],POINT (127.143952 37.648311)
237,사릉,37.65108,127.176933,['경춘선'],POINT (127.176933 37.65108)
238,금곡,37.637382,127.207853,['경춘선'],POINT (127.207853 37.637382)
239,평내호평,37.653225,127.244493,['경춘선'],POINT (127.244493 37.653225)
240,천마산,37.658978,127.285379,['경춘선'],POINT (127.285379 37.658978)
241,마석,37.652782,127.311767,['경춘선'],POINT (127.311767 37.652782)
242,대성리,37.684071,127.379319,['경춘선'],POINT (127.379319 37.684071)
243,청평,37.735488,127.42661,['경춘선'],POINT (127.42661 37.735488)
244,상천,37.770246,127.454821,['경춘선'],POINT (127.454821 37.770246)
245,가평,37.814536,127.510739,['경춘선'],POINT (127.510739 37.814536)
246,굴봉산,37.832067,127.557695,['경춘선'],POINT (127.557695 37.832067)
247,백양리,37.830779,127.58933,['경춘선'],POINT (127.58933 37.830779)
248,강촌,37.805723,127.634146,['경춘선'],POINT (127.634146 37.805723)
249,춘천,37.885054,127.717023,['경춘선'],POINT (127.717023 37.885054)
250,봉명,36.801215,127.135763,['01호선'],POINT (127.135763 36.801215)
252,아산,36.792053,127.104361,['01호선'],POINT (127.104361 36.792053)
253,배방,36.777629,127.052991,['01호선'],POINT (127.052991 36.777629)
254,온양온천,36.780483,127.003249,['01호선'],POINT (127.003249 36.780483)
255,신창,36.769502,126.951108,['01호선'],POINT (126.951108 36.769502)
256,선바위,37.451673,127.002303,['04호선'],POINT (127.002303 37.451673)
257,경마공원,37.443885,127.007888,['04호선'],POINT (127.007888 37.443885)
258,대공원,37.435675,127.006523,['04호선'],POINT (127.006523 37.435675)
259,과천,37.433021,126.996568,['04호선'],POINT (126.996568 37.433021)
260,정부과천청사,37.426513,126.98978,['04호선'],POINT (126.98978 37.426513)
261,인덕원,37.401553,126.976715,['04호선'],POINT (126.976715 37.401553)
262,평촌,37.394287,126.963883,['04호선'],POINT (126.963883 37.394287)
263,범계,37.389793,126.950806,['04호선'],POINT (126.950806 37.389793)
264,삼동,37.409522,127.20336,['경강선'],POINT (127.20336 37.409522)
265,경기광주,37.399907,126.630347,['경강선'],POINT (126.630347 37.399907)
266,초월,37.374419,127.299,['경강선'],POINT (127.299 37.374419)
267,곤지암,37.351315,127.34674,['경강선'],POINT (127.34674 37.351315)
268,신둔도예촌,37.317185,127.40476,['경강선'],POINT (127.40476 37.317185)
269,이천,37.265579,127.44226,['경강선'],POINT (127.44226 37.265579)
270,부발,37.260192,127.490277,['경강선'],POINT (127.490277 37.260192)
271,세종대왕릉,37.295309,127.570938,['경강선'],POINT (127.570938 37.295309)
272,여주,37.282701,127.628607,['경강선'],POINT (127.628607 37.282701)
273,구로,37.503039,126.881966,['01호선'],POINT (126.881966 37.503039)
274,금천구청,37.455626,126.89398,['01호선'],POINT (126.89398 37.455626)
275,석수,37.435047,126.902295,['01호선'],POINT (126.902295 37.435047)
276,관악,37.419232,126.908706,['01호선'],POINT (126.908706 37.419232)
277,안양,37.401592,126.922874,['01호선'],POINT (126.922874 37.401592)
278,명학,37.384653,126.935433,['01호선'],POINT (126.935433 37.384653)
279,군포,37.35356,126.948462,['01호선'],POINT (126.948462 37.35356)
280,의왕,37.320852,126.948217,['01호선'],POINT (126.948217 37.320852)
281,화서,37.283862,126.989627,['01호선'],POINT (126.989627 37.283862)
282,독산,37.466613,126.889249,['01호선'],POINT (126.889249 37.466613)
283,세류,37.245025,127.013222,['01호선'],POINT (127.013222 37.245025)
284,병점,37.207503,127.032731,['01호선'],POINT (127.032731 37.207503)
285,세마,37.187533,127.04318,['01호선'],POINT (127.04318 37.187533)
286,오산대,37.168953,127.063197,['01호선'],POINT (127.063197 37.168953)
287,오산,37.145885,127.06672,['01호선'],POINT (127.06672 37.145885)
288,진위,37.109447,127.062278,['01호선'],POINT (127.062278 37.109447)
289,송탄,37.075696,127.054301,['01호선'],POINT (127.054301 37.075696)
290,서정리,37.056496,127.052819,['01호선'],POINT (127.052819 37.056496)
292,평택,36.990726,127.085159,['01호선'],POINT (127.085159 36.990726)
293,성환,36.916076,127.126964,['01호선'],POINT (127.126964 36.916076)
294,직산,36.870593,127.143904,['01호선'],POINT (127.143904 36.870593)
295,두정,36.833705,127.14896,['01호선'],POINT (127.14896 36.833705)
296,천안,36.810005,127.146826,['01호선'],POINT (127.146826 36.810005)
297,당정,37.344285,126.948345,['01호선'],POINT (126.948345 37.344285)
298,서동탄,37.195504,127.051672,['01호선'],POINT (127.051672 37.195504)
299,광명,37.416182,126.884466,['01호선'],POINT (126.884466 37.416182)
300,산본,37.358101,126.933274,['04호선'],POINT (126.933274 37.358101)
301,대야미,37.328467,126.917332,['04호선'],POINT (126.917332 37.328467)
302,반월,37.312212,126.903524,['04호선'],POINT (126.903524 37.312212)
303,상록수,37.302795,126.866489,['04호선'],POINT (126.866489 37.302795)
304,한대앞,37.309689,126.85344,"['04호선', '수인분당선']",POINT (126.85344 37.309689)
305,중앙,37.315941,126.838573,"['04호선', '수인분당선']",POINT (126.838573 37.315941)
306,고잔,37.316777,126.823249,"['04호선', '수인분당선']",POINT (126.823249 37.316777)
307,초지,37.320646,126.805913,"['04호선', '서해선', '수인분당선']",POINT (126.805913 37.320646)
308,안산,37.327082,126.788532,"['04호선', '수인분당선']",POINT (126.788532 37.327082)
309,신길온천,37.338212,126.765844,"['04호선', '수인분당선']",POINT (126.765844 37.338212)
310,정왕,37.351735,126.742989,"['04호선', '수인분당선']",POINT (126.742989 37.351735)
311,수리산,37.349801,126.925365,['04호선'],POINT (126.925365 37.349801)
312,개봉,37.494594,126.85868,['01호선'],POINT (126.85868 37.494594)
313,오류동,37.494526,126.845365,['01호선'],POINT (126.845365 37.494526)
314,역곡,37.485178,126.811502,['01호선'],POINT (126.811502 37.485178)
315,부천,37.48405,126.782686,['01호선'],POINT (126.782686 37.48405)
316,송내,37.4876,126.753664,['01호선'],POINT (126.753664 37.4876)
317,백운,37.483664,126.707704,['01호선'],POINT (126.707704 37.483664)
318,동암,37.471408,126.702896,['01호선'],POINT (126.702896 37.471408)
319,제물포,37.466769,126.656666,['01호선'],POINT (126.656666 37.466769)
320,동인천,37.475276,126.632802,['01호선'],POINT (126.632802 37.475276)
321,부개,37.488418,126.74109,['01호선'],POINT (126.74109 37.488418)
322,간석,37.464737,126.694181,['01호선'],POINT (126.694181 37.464737)
323,도원,37.468446,126.642706,['01호선'],POINT (126.642706 37.468446)
324,중동,37.486562,126.764843,['01호선'],POINT (126.764843 37.486562)
325,도화,37.46607,126.668672,['01호선'],POINT (126.668672 37.46607)
326,서울숲,37.543617,127.044707,['수인분당선'],POINT (127.044707 37.543617)
327,압구정로데오,37.527381,127.040534,['수인분당선'],POINT (127.040534 37.527381)
328,소사,37.482753,126.79544,"['01호선', '서해선']",POINT (126.79544 37.482753)
329,가천대,37.448605,127.126697,['수인분당선'],POINT (127.126697 37.448605)
330,태평,37.440019,127.127709,['수인분당선'],POINT (127.127709 37.440019)
331,서현,37.385126,127.123592,['수인분당선'],POINT (127.123592 37.385126)
332,수내,37.378455,127.114322,['수인분당선'],POINT (127.114322 37.378455)
333,미금,37.350077,127.10891,"['수인분당선', '신분당선']",POINT (127.10891 37.350077)
334,오리,37.339824,127.108942,['수인분당선'],POINT (127.108942 37.339824)
335,보정,37.312752,127.108196,['수인분당선'],POINT (127.108196 37.312752)
336,죽전,37.324753,127.107395,['수인분당선'],POINT (127.107395 37.324753)
337,신갈,37.286102,127.111313,['수인분당선'],POINT (127.111313 37.286102)
338,상갈,37.26181,127.108847,['수인분당선'],POINT (127.108847 37.26181)
339,청명,37.259489,127.078934,['수인분당선'],POINT (127.078934 37.259489)
340,영통,37.251568,127.071394,['수인분당선'],POINT (127.071394 37.251568)
341,망포,37.245795,127.057353,['수인분당선'],POINT (127.057353 37.245795)
342,매탄권선,37.252759,127.040566,['수인분당선'],POINT (127.040566 37.252759)
343,수원시청,37.261911,127.030736,['수인분당선'],POINT (127.030736 37.261911)
344,매교,37.265481,127.015678,['수인분당선'],POINT (127.015678 37.265481)
345,월곶,37.391769,126.742699,['수인분당선'],POINT (126.742699 37.391769)
346,소래포구,37.40095,126.733522,['수인분당선'],POINT (126.733522 37.40095)
347,인천논현,37.400614,126.722478,['수인분당선'],POINT (126.722478 37.400614)
348,호구포,37.401637,126.708627,['수인분당선'],POINT (126.708627 37.401637)
349,남동인더스파크,37.407722,126.695216,['수인분당선'],POINT (126.695216 37.407722)
350,연수,37.417804,126.67894,['수인분당선'],POINT (126.67894 37.417804)
351,송도,37.428514,126.657772,['수인분당선'],POINT (126.657772 37.428514)
352,신포,37.46874,126.623853,['수인분당선'],POINT (126.623853 37.46874)
353,방학,37.667503,127.044273,['01호선'],POINT (127.044273 37.667503)
354,도봉,37.679563,127.045595,['01호선'],POINT (127.045595 37.679563)
355,망월사,37.709914,127.047455,['01호선'],POINT (127.047455 37.709914)
356,의정부,37.738415,127.045958,['01호선'],POINT (127.045958 37.738415)
357,가능,37.748577,127.044213,['01호선'],POINT (127.044213 37.748577)
358,녹양,37.75938,127.042292,['01호선'],POINT (127.042292 37.75938)
359,양주,37.774381,127.044708,['01호선'],POINT (127.044708 37.774381)
360,덕계,37.818486,127.056486,['01호선'],POINT (127.056486 37.818486)
361,덕정,37.843188,127.061277,['01호선'],POINT (127.061277 37.843188)
362,지행,37.892334,127.055716,['01호선'],POINT (127.055716 37.892334)
363,동두천중앙,37.901885,127.056482,['01호선'],POINT (127.056482 37.901885)
364,보산,37.913702,127.057277,['01호선'],POINT (127.057277 37.913702)
365,동두천,37.927878,127.05479,['01호선'],POINT (127.05479 37.927878)
366,소요산,37.9481,127.061034,['01호선'],POINT (127.061034 37.9481)
367,원당,37.653324,126.843041,['03호선'],POINT (126.843041 37.653324)
368,백석,37.643114,126.78787,['03호선'],POINT (126.78787 37.643114)
369,마두,37.652206,126.77762,['03호선'],POINT (126.77762 37.652206)
370,정발산,37.659477,126.773359,['03호선'],POINT (126.773359 37.659477)
371,주엽,37.670072,126.761334,['03호선'],POINT (126.761334 37.670072)
372,대화,37.676087,126.747569,['03호선'],POINT (126.747569 37.676087)
373,방화,37.577446,126.812741,['05호선'],POINT (126.812741 37.577446)
374,개화산,37.572399,126.806171,['05호선'],POINT (126.806171 37.572399)
375,송정,37.561184,126.811973,['05호선'],POINT (126.811973 37.561184)
376,마곡,37.560183,126.825448,['05호선'],POINT (126.825448 37.560183)
377,발산,37.558598,126.837668,['05호선'],POINT (126.837668 37.558598)
378,우장산,37.548768,126.836318,['05호선'],POINT (126.836318 37.548768)
379,화곡,37.541513,126.840461,['05호선'],POINT (126.840461 37.541513)
380,신정,37.524997,126.856191,['05호선'],POINT (126.856191 37.524997)
381,목동,37.526065,126.864931,['05호선'],POINT (126.864931 37.526065)
382,오목교,37.524496,126.875181,['05호선'],POINT (126.875181 37.524496)
383,양평,37.525648,126.885778,"['05호선', '경의선']",POINT (126.885778 37.525648)
384,여의나루,37.527098,126.932901,['05호선'],POINT (126.932901 37.527098)
385,마포,37.539574,126.945932,['05호선'],POINT (126.945932 37.539574)
386,애오개,37.553736,126.95682,['05호선'],POINT (126.95682 37.553736)
387,서대문,37.565773,126.966641,['05호선'],POINT (126.966641 37.565773)
388,광화문,37.571026,126.976669,['05호선'],POINT (126.976669 37.571026)
389,신금호,37.554548,127.020331,['05호선'],POINT (127.020331 37.554548)
390,행당,37.557322,127.029476,['05호선'],POINT (127.029476 37.557322)
391,마장,37.5661,127.042973,['05호선'],POINT (127.042973 37.5661)
392,답십리,37.566747,127.052704,['05호선'],POINT (127.052704 37.566747)
393,장한평,37.56144,127.064623,['05호선'],POINT (127.064623 37.56144)
394,아차산,37.551691,127.089761,['05호선'],POINT (127.089761 37.551691)
395,광나루,37.545303,127.10357,['05호선'],POINT (127.10357 37.545303)
396,강동,37.535804,127.132481,['05호선'],POINT (127.132481 37.535804)
397,길동,37.537801,127.140004,['05호선'],POINT (127.140004 37.537801)
398,굽은다리,37.545477,127.142853,['05호선'],POINT (127.142853 37.545477)
399,명일,37.55137,127.143999,['05호선'],POINT (127.143999 37.55137)
400,고덕,37.555004,127.154151,['05호선'],POINT (127.154151 37.555004)
401,둔촌동,37.527788,127.136248,['05호선'],POINT (127.136248 37.527788)
402,올림픽공원,37.516078,127.130848,"['05호선', '09호선']",POINT (127.130848 37.516078)
403,방이,37.508857,127.126133,['05호선'],POINT (127.126133 37.508857)
404,개롱,37.498079,127.13482,['05호선'],POINT (127.13482 37.498079)
405,거여,37.493105,127.14415,['05호선'],POINT (127.14415 37.493105)
406,마천,37.49499,127.152781,['05호선'],POINT (127.152781 37.49499)
407,응암,37.598605,126.915577,['06호선'],POINT (126.915577 37.598605)
408,역촌,37.606021,126.922744,['06호선'],POINT (126.922744 37.606021)
409,독바위,37.618456,126.933031,['06호선'],POINT (126.933031 37.618456)
410,구산,37.611377,126.91727,['06호선'],POINT (126.91727 37.611377)
411,새절,37.591148,126.913629,['06호선'],POINT (126.913629 37.591148)
412,증산,37.583876,126.909645,['06호선'],POINT (126.909645 37.583876)
413,월드컵경기장,37.569532,126.899298,['06호선'],POINT (126.899298 37.569532)
414,마포구청,37.563515,126.903343,['06호선'],POINT (126.903343 37.563515)
415,망원,37.556094,126.910052,['06호선'],POINT (126.910052 37.556094)
416,상수,37.547716,126.922852,['06호선'],POINT (126.922852 37.547716)
417,광흥창,37.547456,126.931993,['06호선'],POINT (126.931993 37.547456)
418,대흥,37.547771,126.942069,['06호선'],POINT (126.942069 37.547771)
419,녹사평,37.534675,126.986695,['06호선'],POINT (126.986695 37.534675)
420,이태원,37.534488,126.994302,['06호선'],POINT (126.994302 37.534488)
421,한강진,37.539631,127.001725,['06호선'],POINT (127.001725 37.539631)
422,버티고개,37.548013,127.007055,['06호선'],POINT (127.007055 37.548013)
423,창신,37.579661,127.015241,['06호선'],POINT (127.015241 37.579661)
424,안암,37.586272,127.029005,['06호선'],POINT (127.029005 37.586272)
425,고려대,37.590508,127.036296,['06호선'],POINT (127.036296 37.590508)
426,월곡,37.601948,127.041518,['06호선'],POINT (127.041518 37.601948)
427,상월곡,37.606377,127.048491,['06호선'],POINT (127.048491 37.606377)
428,돌곶이,37.610537,127.056431,['06호선'],POINT (127.056431 37.610537)
429,화랑대,37.620064,127.084689,['06호선'],POINT (127.084689 37.620064)
430,봉화산,37.617283,127.091401,['06호선'],POINT (127.091401 37.617283)
431,장암,37.700109,127.053196,['07호선'],POINT (127.053196 37.700109)
432,수락산,37.67785,127.055315,['07호선'],POINT (127.055315 37.67785)
433,마들,37.66494,127.057675,['07호선'],POINT (127.057675 37.66494)
434,중계,37.644583,127.064303,['07호선'],POINT (127.064303 37.644583)
435,하계,37.636352,127.06799,['07호선'],POINT (127.06799 37.636352)
436,먹골,37.610637,127.077725,['07호선'],POINT (127.077725 37.610637)
437,중화,37.602545,127.079264,['07호선'],POINT (127.079264 37.602545)
438,면목,37.588579,127.087503,['07호선'],POINT (127.087503 37.588579)
439,사가정,37.580894,127.088478,['07호선'],POINT (127.088478 37.580894)
440,용마산,37.573647,127.086727,['07호선'],POINT (127.086727 37.573647)
441,중곡,37.565923,127.08432,['07호선'],POINT (127.08432 37.565923)
442,어린이대공원,37.548014,127.074658,['07호선'],POINT (127.074658 37.548014)
444,청담,37.519365,127.05335,['07호선'],POINT (127.05335 37.519365)
445,학동,37.514229,127.031656,['07호선'],POINT (127.031656 37.514229)
446,논현,37.511093,127.021415,"['07호선', '신분당선']",POINT (127.021415 37.511093)
447,반포,37.508178,127.011727,['07호선'],POINT (127.011727 37.508178)
448,내방,37.487618,126.993513,['07호선'],POINT (126.993513 37.487618)
449,남성,37.484596,126.971251,['07호선'],POINT (126.971251 37.484596)
450,숭실대입구,37.496029,126.953822,['07호선'],POINT (126.953822 37.496029)
451,장승배기,37.504898,126.93915,['07호선'],POINT (126.93915 37.504898)
452,신대방삼거리,37.499701,126.928276,['07호선'],POINT (126.928276 37.499701)
453,보라매,37.499872,126.920428,"['07호선', '신림선']",POINT (126.920428 37.499872)
454,신풍,37.50008,126.90993,['07호선'],POINT (126.90993 37.50008)
455,남구로,37.486056,126.887249,['07호선'],POINT (126.887249 37.486056)
456,철산,37.47605,126.867911,['07호선'],POINT (126.867911 37.47605)
457,광명사거리,37.479252,126.854876,['07호선'],POINT (126.854876 37.479252)
458,천왕,37.486637,126.838713,['07호선'],POINT (126.838713 37.486637)
459,까치울,37.506207,126.810939,['07호선'],POINT (126.810939 37.506207)
460,부천종합운동장,37.50538,126.797337,"['07호선', '서해선']",POINT (126.797337 37.50538)
461,춘의,37.503663,126.787036,['07호선'],POINT (126.787036 37.503663)
462,신중동,37.503048,126.77596,['07호선'],POINT (126.77596 37.503048)
463,부천시청,37.504631,126.763538,['07호선'],POINT (126.763538 37.504631)
464,상동,37.505781,126.753083,['07호선'],POINT (126.753083 37.505781)
465,삼산체육관,37.506411,126.742153,['07호선'],POINT (126.742153 37.506411)
466,굴포천,37.506997,126.73128,['07호선'],POINT (126.73128 37.506997)
467,암사,37.55021,127.127562,['08호선'],POINT (127.127562 37.55021)
468,강동구청,37.530341,127.120508,['08호선'],POINT (127.120508 37.530341)
469,몽촌토성,37.517409,127.112359,['08호선'],POINT (127.112359 37.517409)
470,석촌,37.505431,127.106979,"['08호선', '09호선']",POINT (127.106979 37.505431)
471,송파,37.499703,127.112183,['08호선'],POINT (127.112183 37.499703)
472,문정,37.485855,127.1225,['08호선'],POINT (127.1225 37.485855)
473,장지,37.478703,127.126191,['08호선'],POINT (127.126191 37.478703)
474,산성,37.457122,127.149908,['08호선'],POINT (127.149908 37.457122)
475,남한산성입구,37.451535,127.159816,['08호선'],POINT (127.159816 37.451535)
476,단대오거리,37.44521,127.156866,['08호선'],POINT (127.156866 37.44521)
477,신흥,37.440918,127.147564,['08호선'],POINT (127.147564 37.440918)
478,수진,37.437428,127.140722,['08호선'],POINT (127.140722 37.437428)
479,귤현,37.566379,126.742654,['인천선'],POINT (126.742654 37.566379)
480,임학,37.545059,126.738665,['인천선'],POINT (126.738665 37.545059)
481,계산,37.543238,126.728128,['인천선'],POINT (126.728128 37.543238)
482,경인교대입구,37.538157,126.722597,['인천선'],POINT (126.722597 37.538157)
483,작전,37.530415,126.722527,['인천선'],POINT (126.722527 37.530415)
484,갈산,37.517268,126.721514,['인천선'],POINT (126.721514 37.517268)
485,부평시장,37.498383,126.722244,['인천선'],POINT (126.722244 37.498383)
486,동수,37.485312,126.718247,['인천선'],POINT (126.718247 37.485312)
487,부평삼거리,37.477679,126.710208,['인천선'],POINT (126.710208 37.477679)
488,간석오거리,37.467048,126.707938,['인천선'],POINT (126.707938 37.467048)
489,예술회관,37.449396,126.701012,['인천선'],POINT (126.701012 37.449396)
490,인천터미널,37.442383,126.699706,['인천선'],POINT (126.699706 37.442383)
491,문학경기장,37.434935,126.698579,['인천선'],POINT (126.698579 37.434935)
492,선학,37.426684,126.698863,['인천선'],POINT (126.698863 37.426684)
493,신연수,37.41804,126.693863,['인천선'],POINT (126.693863 37.41804)
494,동춘,37.404737,126.681015,['인천선'],POINT (126.681015 37.404737)
495,동막,37.397878,126.674005,['인천선'],POINT (126.674005 37.397878)
496,캠퍼스타운,37.387855,126.661673,['인천선'],POINT (126.661673 37.387855)
497,테크노파크,37.382268,126.656365,['인천선'],POINT (126.656365 37.382268)
498,지식정보단지,37.378384,126.645168,['인천선'],POINT (126.645168 37.378384)
499,인천대입구,37.386007,126.639484,['인천선'],POINT (126.639484 37.386007)
500,검단오류,37.594877,126.627178,['인천2호선'],POINT (126.627178 37.594877)
501,왕길,37.59518,126.642696,['인천2호선'],POINT (126.642696 37.59518)
502,검단사거리,37.60185,126.657108,['인천2호선'],POINT (126.657108 37.60185)
503,마전,37.597566,126.666998,['인천2호선'],POINT (126.666998 37.597566)
504,독정,37.585212,126.675844,['인천2호선'],POINT (126.675844 37.585212)
505,검바위,37.561405,126.677566,['인천2호선'],POINT (126.677566 37.561405)
506,아시아드경기장,37.5517,126.677122,['인천2호선'],POINT (126.677122 37.5517)
507,서구청,37.543742,126.676787,['인천2호선'],POINT (126.676787 37.543742)
508,가정,37.524649,126.675539,['인천2호선'],POINT (126.675539 37.524649)
509,가정중앙시장,37.517054,126.676672,['인천2호선'],POINT (126.676672 37.517054)
510,석남,37.506193,126.676203,"['07호선', '인천2호선']",POINT (126.676203 37.506193)
511,서부여성회관,37.506193,126.676203,['인천2호선'],POINT (126.676203 37.506193)
512,인천가좌,37.4897,126.675208,['인천2호선'],POINT (126.675208 37.4897)
513,가재울,37.484192,126.683673,['인천2호선'],POINT (126.683673 37.484192)
514,주안국가산단,37.473703,126.68113,['인천2호선'],POINT (126.68113 37.473703)
515,시민공원,37.458335,126.681192,['인천2호선'],POINT (126.681192 37.458335)
516,석천사거리,37.456805,126.709986,['인천2호선'],POINT (126.709986 37.456805)
517,모래내시장,37.45583,126.719298,['인천2호선'],POINT (126.719298 37.45583)
518,만수,37.454911,126.732094,['인천2호선'],POINT (126.732094 37.454911)
519,남동구청,37.448161,126.736939,['인천2호선'],POINT (126.736939 37.448161)
520,인천대공원,37.448769,126.752618,['인천2호선'],POINT (126.752618 37.448769)
521,운연,37.440127,126.75997,['인천2호선'],POINT (126.75997 37.440127)
522,개화,37.578608,126.798153,['09호선'],POINT (126.798153 37.578608)
523,공항시장,37.563726,126.810678,['09호선'],POINT (126.810678 37.563726)
524,신방화,37.567532,126.816601,['09호선'],POINT (126.816601 37.567532)
525,마곡나루,37.567336,126.829497,"['09호선', '공항철도']",POINT (126.829497 37.567336)
526,양천향교,37.568381,126.841333,['09호선'],POINT (126.841333 37.568381)
527,가양,37.561391,126.854456,['09호선'],POINT (126.854456 37.561391)
528,증미,37.557402,126.861939,['09호선'],POINT (126.861939 37.557402)
529,등촌,37.550632,126.865689,['09호선'],POINT (126.865689 37.550632)
530,염창,37.546936,126.874916,['09호선'],POINT (126.874916 37.546936)
531,신목동,37.544277,126.88308,['09호선'],POINT (126.88308 37.544277)
532,선유도,37.53802,126.893525,['09호선'],POINT (126.893525 37.53802)
533,국회의사당,37.528105,126.917874,['09호선'],POINT (126.917874 37.528105)
534,샛강,37.517274,126.928422,"['09호선', '신림선']",POINT (126.928422 37.517274)
535,노들,37.512887,126.953222,['09호선'],POINT (126.953222 37.512887)
536,흑석,37.50877,126.963708,['09호선'],POINT (126.963708 37.50877)
537,구반포,37.501364,126.987332,['09호선'],POINT (126.987332 37.501364)
538,신반포,37.503415,126.995925,['09호선'],POINT (126.995925 37.503415)
539,사평,37.504206,127.015259,['09호선'],POINT (127.015259 37.504206)
540,신논현,37.504598,127.02506,"['09호선', '신분당선']",POINT (127.02506 37.504598)
541,언주,37.507287,127.033868,['09호선'],POINT (127.033868 37.507287)
542,삼성중앙,37.513011,127.053282,['09호선'],POINT (127.053282 37.513011)
543,봉은사,37.514219,127.060245,['09호선'],POINT (127.060245 37.514219)
544,청라국제도시,37.555878,126.625327,['공항철도'],POINT (126.625327 37.555878)
545,운서,37.492904,126.49379,['공항철도'],POINT (126.49379 37.492904)
546,공항화물청사,37.458366,126.476241,['공항철도'],POINT (126.476241 37.458366)
548,영종,37.511466,126.5237,['공항철도'],POINT (126.5237 37.511466)
549,양재시민의숲,37.470023,127.03842,['신분당선'],POINT (127.03842 37.470023)
550,김량장,37.237247,127.198781,['용인경전철'],POINT (127.198781 37.237247)
552,고진,37.24484,127.214251,['용인경전철'],POINT (127.214251 37.24484)
553,보평,37.258965,127.218457,['용인경전철'],POINT (127.218457 37.258965)
554,둔전,37.267051,127.21364,['용인경전철'],POINT (127.21364 37.267051)
556,발곡,37.727048,127.052803,['의정부경전철'],POINT (127.052803 37.727048)
557,범골,37.728755,127.04353,['의정부경전철'],POINT (127.04353 37.728755)
558,경전철의정부,37.737202,127.043257,['의정부경전철'],POINT (127.043257 37.737202)
559,의정부시청,37.739256,127.034781,['의정부경전철'],POINT (127.034781 37.739256)
560,흥선,37.743302,127.037023,['의정부경전철'],POINT (127.037023 37.743302)
561,의정부중앙,37.743676,127.049565,['의정부경전철'],POINT (127.049565 37.743676)
562,동오,37.745271,127.056947,['의정부경전철'],POINT (127.056947 37.745271)
563,새말,37.748885,127.06362,['의정부경전철'],POINT (127.06362 37.748885)
564,경기도청북부청사,37.75059,127.071495,['의정부경전철'],POINT (127.071495 37.75059)
565,효자,37.754025,127.076902,['의정부경전철'],POINT (127.076902 37.754025)
566,곤제,37.750471,127.083715,['의정부경전철'],POINT (127.083715 37.750471)
567,어룡,37.742802,127.085035,['의정부경전철'],POINT (127.085035 37.742802)
568,송산,37.737279,127.087159,['의정부경전철'],POINT (127.087159 37.737279)
569,솔밭공원,37.656088,127.013252,['우이신설경전철'],POINT (127.013252 37.656088)
570,삼양,37.627165,127.018152,['우이신설경전철'],POINT (127.018152 37.627165)
571,삼양사거리,37.621512,127.02048,['우이신설경전철'],POINT (127.02048 37.621512)
572,솔샘,37.62124,127.013528,['우이신설경전철'],POINT (127.013528 37.62124)
573,북한산보국문,37.612343,127.008009,['우이신설경전철'],POINT (127.008009 37.612343)
574,정릉,37.602798,127.01349,['우이신설경전철'],POINT (127.01349 37.602798)
575,동천,37.337928,127.102976,['신분당선'],POINT (127.102976 37.337928)
576,수지구청,37.322702,127.095026,['신분당선'],POINT (127.095026 37.322702)
577,성복,37.313335,127.0801,['신분당선'],POINT (127.0801 37.313335)
578,상현,37.297664,127.069342,['신분당선'],POINT (127.069342 37.297664)
579,광교중앙,37.288617,127.051478,['신분당선'],POINT (127.051478 37.288617)
580,광교,37.30211,127.044483,['신분당선'],POINT (127.044483 37.30211)
581,강남대,37.270161,127.126033,['용인경전철'],POINT (127.126033 37.270161)
582,지석,37.269606,127.136515,['용인경전철'],POINT (127.136515 37.269606)
583,어정,37.274917,127.143714,['용인경전철'],POINT (127.143714 37.274917)
584,동백,37.269043,127.152716,['용인경전철'],POINT (127.152716 37.269043)
585,초당,37.260752,127.159443,['용인경전철'],POINT (127.159443 37.260752)
586,삼가,37.242115,127.168075,['용인경전철'],POINT (127.168075 37.242115)
588,명지대,37.237964,127.190294,['용인경전철'],POINT (127.190294 37.237964)
